FigureTitle,Set,Panel,FilePath,Row,Col,Caption
Field Photographs — oolite,1,A,_build/imgcache/f17cde7d73a0e525.jpg,1,1,
Field Photographs — oolite,1,B,_build/imgcache/c6addbaff78abcda.jpg,1,2,
Field Photographs — oolite,1,C,_build/imgcache/b03bbf89cef72483.jpg,2,1,
Field Photographs — oolite,1,D,_build/imgcache/87a5d990c1cf51f7.jpg,2,2,
Field Photographs — oolite,1,E,_build/imgcache/a18e18522c9be28c.jpg,3,1,
Field Photographs — oolite,1,F,_build/imgcache/582d97c52d8d9727.jpg,3,2,
Field Photographs — oolite,2,A,_build/imgcache/fa3fc53c9378dcab.jpg,,,
Field Photographs — oolite,2,B,_build/imgcache/808a46bf11ca2413.jpg,,,
Field Photographs — oolite,2,C,_build/imgcache/59c984867019d9c7.jpg,,,
Field Photographs — oolite,2,D,_build/imgcache/51029ff526411339.jpg,,,
Field Photographs — oolite,2,E,_build/imgcache/1ddaf8e7c8918716.jpg,,,
Field Photographs — oolite,2,F,_build/imgcache/6ccd354866b4c74d.jpg,,,
Field Photographs — oolite,3,A,_build/imgcache/38e39d8e1117e3b0.jpg,,,
Field Photographs — oolite,3,B,_build/imgcache/1c76ffa87b8e6cc9.jpg,,,
Field Photographs — oolite,3,C,_build/imgcache/d932cc365524eb01.jpg,,,
Field Photographs — oolite,3,D,_build/imgcache/82f41d89c54a0547.jpg,,,
Field Photographs — oolite,3,E,_build/imgcache/3a3565ae9516d510.jpg,,,
Field Photographs — oolite,3,F,_build/imgcache/129ddd9f5373c066.jpg,,,
Field Photographs — spherulite,1,A,_build/imgcache/3c444886b7a86690.jpg,,,
Field Photographs — pisolite,1,A,_build/imgcache/63fea1bc46a4dac8.jpg,,,
Field Photographs — pisolite,1,B,_build/imgcache/7b690bf9058e2fc9.jpg,,,
Field Photographs — pisolite,1,C,_build/imgcache/40df62c2f53118ec.jpg,,,
Field Photographs — pisolite,1,D,_build/imgcache/15c1762dd6727b83.jpg,,,
Field Photographs — pisolite,1,E,_build/imgcache/3c3ef30499302de6.jpg,,,
Field Photographs — pisolite,1,F,_build/imgcache/ff94a46af24fcc14.jpg,,,
Photomicrographs — oolite,1,A,_build/imgcache/39ceb36a18412d4f.jpg,,,
Photomicrographs — oolite,1,B,_build/imgcache/56eed359cb147b12.jpg,,,
Photomicrographs — oolite,1,C,_build/imgcache/8f1c687e927f8ac0.jpg,,,
Photomicrographs — oolite,1,D,_build/imgcache/0eba9fcb9e8f2e86.jpg,,,
Photomicrographs — oolite,1,E,_build/imgcache/784f793d45118ca1.jpg,,,
Photomicrographs — oolite,1,F,_build/imgcache/96dcf30f8026d1ee.jpg,,,
Photomicrographs — oolite,2,A,_build/imgcache/1ed5b7b091c0dfc3.jpg,,,
Photomicrographs — oolite,2,B,_build/imgcache/aaac000101d4ba22.jpg,,,
Photomicrographs — oolite,2,C,_build/imgcache/b5f97131235cef6e.jpg,,,
Photomicrographs — oolite,2,D,_build/imgcache/90873fdec8ceccb5.jpg,,,
Photomicrographs — oolite,2,E,_build/imgcache/2a431dff9a32a57b.jpg,,,
Photomicrographs — oolite,2,F,_build/imgcache/24adcd36308ad46d.jpg,,,
Photomicrographs — oolite,3,A,_build/imgcache/14b3fd79cd3c77ff.jpg,,,
Photomicrographs — oolite,3,B,_build/imgcache/04322528bbffd4c3.jpg,,,
Photomicrographs — oolite,3,C,_build/imgcache/12f631a4e5da7abd.jpg,,,
Photomicrographs — oolite,3,D,_build/imgcache/4346a78a769603be.jpg,,,
Photomicrographs — oolite,3,E,_build/imgcache/beec36c86f65f580.jpg,,,
Photomicrographs — oolite,3,F,_build/imgcache/c079799178eb20dc.jpg,,,
Photomicrographs — oolite,4,A,_build/imgcache/291b7fcabc82bcbf.jpg,,,
Photomicrographs — oolite,4,B,_build/imgcache/69b88682f2aabe9c.jpg,,,
Photomicrographs — oolite,4,C,_build/imgcache/84e60bcd1f4b38e2.jpg,,,
Photomicrographs — oolite,4,D,_build/imgcache/91a7bd6ee7e74058.jpg,,,
Photomicrographs — oolite,4,E,_build/imgcache/d86c65ccd93b91ef.jpg,,,
Photomicrographs — oolite,4,F,_build/imgcache/d61dabcdcb1e1682.jpg,,,
Photomicrographs — spherulite,1,A,_build/imgcache/cc1b8928b4ecb431.jpg,,,
Photomicrographs — spherulite,1,B,_build/imgcache/b483831bcee914fb.jpg,,,
Photomicrographs — spherulite,1,C,_build/imgcache/c408ee1f6c8fcacc.jpg,,,
Photomicrographs — spherulite,1,D,_build/imgcache/ade4ffcb5be20131.jpg,,,
Photomicrographs — spherulite,1,E,_build/imgcache/47b9b66f453853af.jpg,,,
Photomicrographs — spherulite,1,F,_build/imgcache/a641cb352abc341d.jpg,,,
Photomicrographs — spherulite,2,A,_build/imgcache/e6c82041cba3945b.jpg,,,
Photomicrographs — spherulite,2,B,_build/imgcache/cc053159172ad9e7.jpg,,,
Photomicrographs — spherulite,2,C,_build/imgcache/7a8d41d182a15129.jpg,,,
Photomicrographs — spherulite,2,D,_build/imgcache/3b6b81519486c24b.jpg,,,
Photomicrographs — spherulite,2,E,_build/imgcache/6bc63037ccb4d5b1.jpg,,,
Photomicrographs — spherulite,2,F,_build/imgcache/fe62763a9e43366b.jpg,,,
Photomicrographs — pisolite,1,A,_build/imgcache/cece026343e33431.jpg,,,
Photomicrographs — pisolite,1,B,_build/imgcache/8d5c50560df0dd80.jpg,,,
Photomicrographs — pisolite,1,C,_build/imgcache/758e8d5e4b72d585.jpg,,,
Photomicrographs — pisolite,1,D,_build/imgcache/36bbbc4caa7cdd14.jpg,,,
Photomicrographs — pisolite,1,E,_build/imgcache/9ab162bf5fe6999f.jpg,,,
Photomicrographs — pisolite,1,F,_build/imgcache/76a9daae8acf09f3.jpg,,,
Photomicrographs — pisolite,2,A,_build/imgcache/550c505035b7e301.jpg,,,
Photomicrographs — pisolite,2,B,_build/imgcache/afcdbe1ce70f2d69.jpg,,,
Photomicrographs — pisolite,2,C,_build/imgcache/8804622525315371.jpg,,,
Photomicrographs — pisolite,2,D,_build/imgcache/9330a86ea7bcfe2a.jpg,,,
Photomicrographs — calcite oolite ediacaran,1,A,_build/imgcache/350bbfb48a3c8e75.jpg,,,
Photomicrographs — calcite oolite ediacaran,1,B,_build/imgcache/91931a46a1784cc7.jpg,,,
Photomicrographs — calcite oolite ediacaran,1,C,_build/imgcache/95740c42e42997a9.jpg,,,
Photomicrographs — calcite oolite ediacaran,1,D,_build/imgcache/9a2f4edfffbe93c4.jpg,,,
Photomicrographs — calcite oolite ediacaran,1,E,_build/imgcache/3b862cc1d28e806f.jpg,,,
Photomicrographs — Other,1,A,_build/imgcache/b83c0959659058f6.jpg,,,
Photomicrographs — Other,1,B,_build/imgcache/3048491f98acdfc5.jpg,,,
Photomicrographs — Other,1,C,_build/imgcache/c46ca02ba6261925.jpg,,,
Photomicrographs — Other,1,D,_build/imgcache/426c6adaad5b40bd.jpg,,,
Photomicrographs — Other,1,E,_build/imgcache/eb85e1e28f7192c9.jpg,,,
Photomicrographs — Other,1,F,_build/imgcache/3d699f1a535279ce.jpg,,,
Photomicrographs — Other,2,A,_build/imgcache/972aa9ec1ef656b6.jpg,,,
Photomicrographs — Other,2,B,_build/imgcache/c0e641165911b17c.jpg,,,
Photomicrographs — Other,2,C,_build/imgcache/8256fc296de85b2c.jpg,,,
Photomicrographs — Other,2,D,_build/imgcache/162637d4e5d413f2.jpg,,,
Photomicrographs — Other,2,E,_build/imgcache/9858b19622a49a17.jpg,,,
Photomicrographs — Other,2,F,_build/imgcache/44582c399ee9e5c2.jpg,,,
Photomicrographs — Other,3,A,_build/imgcache/47e06f0509489020.jpg,,,
Photomicrographs — Other,3,B,_build/imgcache/c55471aff660f829.jpg,,,
Photomicrographs — Other,3,C,_build/imgcache/e8c9640e873bc068.jpg,,,
Photomicrographs — oolite,1,A,_build/imgcache/1c31f705da7492b3.jpg,,,
Photomicrographs — oolite,1,B,_build/imgcache/6d68c470060a43e3.jpg,,,
Photomicrographs — oolite,1,C,_build/imgcache/4380c03093e17eb4.jpg,,,
Photomicrographs — oolite,1,D,_build/imgcache/7d1a159dd908cc89.jpg,,,
Photomicrographs — oolite,1,E,_build/imgcache/391758c2b38505f9.jpg,,,
Photomicrographs — oolite,1,F,_build/imgcache/3a33587f7cb80d0b.jpg,,,
EBSD — calcite oolite ediacaran — CALCITE_OOLITE_EDIACARAN_WS_7_7,1,A,_build/imgcache/891181eb1dafccb0.jpg,,,
EBSD — calcite oolite ediacaran — CALCITE_OOLITE_EDIACARAN_WS_7_7,1,B,_build/imgcache/9a434fc9fd112580.jpg,,,
EBSD — calcite oolite ediacaran — CALCITE_OOLITE_EDIACARAN_WS_7_7,1,C,_build/imgcache/ceecdf01ac61a976.jpg,,,
EBSD — calcite oolite ediacaran — CALCITE_OOLITE_EDIACARAN_WS_7_7,1,D,_build/imgcache/1376671c4a6eeb47.jpg,,,
EBSD — calcite oolite ediacaran — CALCITE_OOLITE_EDIACARAN_WS_7_7,1,E,_build/imgcache/682ce7af6aa31619.jpg,,,
EBSD — calcite oolite ediacaran — CALCITE_OOLITE_EDIACARAN_WS_7_7,1,F,_build/imgcache/6bab83e2acf8137f.jpg,,,
EBSD — calcite oolite ediacaran — CALCITE_OOLITE_EDIACARAN_WS_7_7,2,A,_build/imgcache/06bfc04be8c179bf.jpg,,,
EBSD — calcite oolite ediacaran — CALCITE_OOLITE_EDIACARAN_WS_7_7,2,B,_build/imgcache/dc4dc4f00d5815d2.jpg,,,
EBSD — calcite oolite ediacaran — CALCITE_OOLITE_EDIACARAN_WS_7_7,2,C,_build/imgcache/f1d58dce83be56f4.jpg,,,
EBSD — calcite oolite ediacaran — CALCITE_OOLITE_EDIACARAN_WS_7_7,2,D,_build/imgcache/2dbca0e731a8e6a2.jpg,,,
EBSD — calcite oolite ediacaran — CALCITE_OOLITE_EDIACARAN_WS_7_7,2,E,_build/imgcache/74cd49a2f0e4c3ce.jpg,,,
EBSD — calcite oolite ediacaran — CALCITE_OOLITE_EDIACARAN_WS_7_7,2,F,_build/imgcache/45e2d81203e45999.jpg,,,
EBSD — calcite oolite ediacaran — CALCITE_OOLITE_EDIACARAN_WS_7_7,3,A,_build/imgcache/fd2d7bfa87cff6cf.jpg,,,
EBSD — calcite oolite ediacaran — CALCITE_OOLITE_EDIACARAN_WS_7_7,3,B,_build/imgcache/ab3e015c7c626082.jpg,,,
EBSD — calcite oolite ediacaran — CALCITE_OOLITE_EDIACARAN_WS_7_7,3,C,_build/imgcache/3b5f8ae657396292.jpg,,,
EBSD — calcite oolite ediacaran — CALCITE_OOLITE_EDIACARAN_WS_7_7,3,D,_build/imgcache/13f4b599183f8e10.jpg,,,
EBSD — calcite oolite ediacaran — CALCITE_OOLITE_EDIACARAN_WS_7_7,3,E,_build/imgcache/89fbdc5ac3029a37.jpg,,,
EBSD — calcite oolite ediacaran — CALCITE_OOLITE_EDIACARAN_WS_7_7,3,F,_build/imgcache/6b2035a80f20ed98.jpg,,,
EBSD — calcite oolite ediacaran — CALCITE_OOLITE_EDIACARAN_WS_7_7,4,A,_build/imgcache/3393d9b6c9517f41.jpg,,,
EBSD — calcite oolite ediacaran — CALCITE_OOLITE_EDIACARAN_WS_7_7,4,B,_build/imgcache/e2171f81f4311e42.jpg,,,
EBSD — oolite — OOLITE_MD6_258_6,1,A,EBSD/OOLITE_MD6_258_6/MD6_258_6_250nm/HighRes_Maps/OOLITE_MD6_258_6_250nm_full_IPF_X_HighRes.pdf,,,
EBSD — oolite — OOLITE_MD6_258_6,1,B,EBSD/OOLITE_MD6_258_6/MD6_258_6_250nm/HighRes_Maps/OOLITE_MD6_258_6_250nm_full_IPF_X_Key.pdf,,,
EBSD — oolite — OOLITE_MD6_258_6,1,C,EBSD/OOLITE_MD6_258_6/MD6_258_6_250nm/HighRes_Maps/OOLITE_MD6_258_6_250nm_full_IPF_Y_HighRes.pdf,,,
EBSD — oolite — OOLITE_MD6_258_6,1,D,EBSD/OOLITE_MD6_258_6/MD6_258_6_250nm/HighRes_Maps/OOLITE_MD6_258_6_250nm_full_IPF_Z_HighRes.pdf,,,
EBSD — oolite — OOLITE_MD6_258_6,1,E,EBSD/OOLITE_MD6_258_6/MD6_258_6_250nm/HighRes_Maps/OOLITE_MD6_258_6_250nm_full_Phase_Map_HighRes.pdf,,,
EBSD — oolite — OOLITE_MD6_258_6,1,F,_build/imgcache/803058c50a002859.jpg,,,
EBSD — oolite — OOLITE_MD6_258_6,2,A,_build/imgcache/f285f7ccfffcaaa8.jpg,,,
EBSD — oolite — OOLITE_MD6_258_6,2,B,_build/imgcache/e01d670018202e4a.jpg,,,
EBSD — oolite — OOLITE_MD6_258_6,2,C,_build/imgcache/be9180fe73e57734.jpg,,,
EBSD — oolite — OOLITE_MD6_258_6,2,D,_build/imgcache/1ace9b8b3682f20e.jpg,,,
EBSD — oolite — OOLITE_MD6_258_6,2,E,_build/imgcache/fc6b2e36ffe68dce.jpg,,,
EBSD — oolite — OOLITE_MD6_258_6,2,F,_build/imgcache/5ed5ce4e46fc80c2.jpg,,,
EBSD — oolite — OOLITE_MD6_258_6,3,A,_build/imgcache/bbc3604e54f500d3.jpg,,,
EBSD — oolite — OOLITE_MD6_258_6,3,B,_build/imgcache/3f2bd0720a967526.jpg,,,
EBSD — oolite — OOLITE_MD6_258_6,3,C,_build/imgcache/fe9625eaea42b67e.jpg,,,
EBSD — oolite — OOLITE_MD6_258_6,3,D,EBSD/OOLITE_MD6_258_6/MD6_258_6_500nm_area2/HighRes_Maps/OOLITE_MD6_258_6_500nm_map2_IPF_X_HighRes.pdf,,,
EBSD — oolite — OOLITE_MD6_258_6,3,E,EBSD/OOLITE_MD6_258_6/MD6_258_6_500nm_area2/HighRes_Maps/OOLITE_MD6_258_6_500nm_map2_IPF_Y_HighRes.pdf,,,
EBSD — oolite — OOLITE_MD6_258_6,3,F,EBSD/OOLITE_MD6_258_6/MD6_258_6_500nm_area2/HighRes_Maps/OOLITE_MD6_258_6_500nm_map2_IPF_Z_HighRes.pdf,,,
EBSD — oolite — OOLITE_MD6_258_6,4,A,EBSD/OOLITE_MD6_258_6/MD6_258_6_500nm_area2/HighRes_Maps/OOLITE_MD6_258_6_500nm_map2_Phase_Map_HighRes.pdf,,,
EBSD — pisolite — PISOLITE_SB1_ONC,1,A,EBSD/PISOLITE_SB1_ONC/HighRes_Maps_NoCrop/PISOLITE_SB1_ONC_250nm_full_IPF_X_HighRes.pdf,,,
EBSD — pisolite — PISOLITE_SB1_ONC,1,B,EBSD/PISOLITE_SB1_ONC/HighRes_Maps_NoCrop/PISOLITE_SB1_ONC_250nm_full_IPF_Y_HighRes.pdf,,,
EBSD — pisolite — PISOLITE_SB1_ONC,1,C,EBSD/PISOLITE_SB1_ONC/HighRes_Maps_NoCrop/PISOLITE_SB1_ONC_250nm_full_IPF_Z_HighRes.pdf,,,
EBSD — pisolite — PISOLITE_SB1_ONC,1,D,EBSD/PISOLITE_SB1_ONC/HighRes_Maps_NoCrop/PISOLITE_SB1_ONC_250nm_full_Phase_Map_HighRes.pdf,,,
EBSD — pisolite — PISOLITE_SB1_ONC,1,E,_build/imgcache/50c07705622ff805.jpg,,,
EBSD — pisolite — PISOLITE_SB1_ONC,1,F,_build/imgcache/86f3e6eaa899e220.jpg,,,
EBSD — pisolite — PISOLITE_SB1_ONC,2,A,_build/imgcache/ddc48d07950bc066.jpg,,,
EBSD — pisolite — PISOLITE_SB1_ONC,2,B,_build/imgcache/97b2cb14485c2760.jpg,,,
EBSD — pisolite — PISOLITE_SB1_ONC,2,C,_build/imgcache/7843d50fce9bdcf8.jpg,,,
EBSD — pisolite — PISOLITE_SB1_ONC,2,D,_build/imgcache/cefd161867d1d3e5.jpg,,,
EBSD — pisolite — PISOLITE_SB1_ONC,2,E,_build/imgcache/c7edcbd713ba5e93.jpg,,,
EBSD — pisolite — PISOLITE_SB1_ONC,2,F,_build/imgcache/068aeea450f04536.jpg,,,
EBSD — spherulite — SPHERULITE_SB1_CON,1,A,EBSD/SPHERULITE_SB1_CON/HighRes_Maps/SPHERULITE_SB1_CON_250nm_all_IPF_X_HighRes.pdf,,,
EBSD — spherulite — SPHERULITE_SB1_CON,1,B,EBSD/SPHERULITE_SB1_CON/HighRes_Maps/SPHERULITE_SB1_CON_250nm_all_IPF_Y_HighRes.pdf,,,
EBSD — spherulite — SPHERULITE_SB1_CON,1,C,EBSD/SPHERULITE_SB1_CON/HighRes_Maps/SPHERULITE_SB1_CON_250nm_all_IPF_Z_HighRes.pdf,,,
EBSD — spherulite — SPHERULITE_SB1_CON,1,D,EBSD/SPHERULITE_SB1_CON/HighRes_Maps/SPHERULITE_SB1_CON_250nm_all_Phase_Map_HighRes.pdf,,,
EBSD — spherulite — SPHERULITE_SB1_CON,1,E,_build/imgcache/6532cf4a71e7f93a.jpg,,,
EBSD — spherulite — SPHERULITE_SB1_CON,1,F,_build/imgcache/16010839473fb106.jpg,,,
EBSD — spherulite — SPHERULITE_SB1_CON,2,A,_build/imgcache/dc7dffea23894854.jpg,,,
EBSD — spherulite — SPHERULITE_SB1_CON,2,B,_build/imgcache/b527cc2386ad73e9.jpg,,,
EBSD — spherulite — SPHERULITE_SB1_CON,2,C,_build/imgcache/e3dff873cbf87887.jpg,,,
EBSD — spherulite — SPHERULITE_SB1_CON,2,D,_build/imgcache/224fb8f2b3d4a100.jpg,,,
EBSD — spherulite — SPHERULITE_SB1_CON,2,E,_build/imgcache/c2a7f397bfdd449a.jpg,,,
SEM — oolite — etched,1,A,_build/imgcache/a28caa46144bb4b5.jpg,,,
SEM — oolite — etched,1,B,_build/imgcache/a0a6a215c1514c3b.jpg,,,
SEM — oolite — etched,1,C,_build/imgcache/ff54ee2fd484e1e0.jpg,,,
SEM — oolite — etched,1,D,_build/imgcache/21c8a2e377a9cd31.jpg,,,
SEM — oolite — etched,1,E,_build/imgcache/f37b603f422235e3.jpg,,,
SEM — oolite — etched,1,F,_build/imgcache/cb6354fdb06afbc9.jpg,,,
SEM — oolite — etched,2,A,_build/imgcache/5bfcbdbdd785b0e1.jpg,,,
SEM — oolite — etched,2,B,_build/imgcache/cd9b8082b8971c4a.jpg,,,
SEM — oolite — etched,2,C,_build/imgcache/16c76b2fab72bdd1.jpg,,,
SEM — oolite — etched,2,D,_build/imgcache/e5a350ae443d9eb7.jpg,,,
SEM — oolite — etched,2,E,_build/imgcache/38e45b8e879556c1.jpg,,,
SEM — oolite — etched,2,F,_build/imgcache/5c4776385a7749c4.jpg,,,
SEM — oolite — etched,3,A,_build/imgcache/07ccd4edd0c14c9e.jpg,,,
SEM — oolite — etched,3,B,_build/imgcache/218531534109d259.jpg,,,
SEM — spherulite — etched,1,A,_build/imgcache/abc62f80bc4176f9.jpg,,,
SEM — spherulite — etched,1,B,_build/imgcache/26c3e5486aaad4db.jpg,,,
SEM — spherulite — etched,1,C,_build/imgcache/115651db90b67c81.jpg,,,
SEM — spherulite — etched,1,D,_build/imgcache/63de6e4ab2ff14b0.jpg,,,
SEM — spherulite — etched,1,E,_build/imgcache/fa6220b878f2c477.jpg,,,
SEM — pisolite — etched,1,A,_build/imgcache/52a74c14ca9f17dd.jpg,,,
SEM — pisolite — etched,1,B,_build/imgcache/92b6331e39c0a466.jpg,,,
SEM — pisolite — etched,1,C,_build/imgcache/dd3fe501b4eb81c1.jpg,,,
SEM — pisolite — etched,1,D,_build/imgcache/6ea22b725abdfac0.jpg,,,
SEM — pisolite — etched,1,E,_build/imgcache/1b729bdc66ba6fff.jpg,,,
SEM — pisolite — etched,1,F,_build/imgcache/00e2c11b04e804b3.jpg,,,
SEM — pisolite — etched,2,A,_build/imgcache/1d157fb064f71578.jpg,,,
SEM — pisolite — etched,2,B,_build/imgcache/dd00f7dcf2857149.jpg,,,
SEM — pisolite — etched,2,C,_build/imgcache/1841da129c76845f.jpg,,,
SEM — calcite oolite ediacaran — etched,1,A,_build/imgcache/f3b715aefe4ca15a.jpg,,,
SEM — calcite oolite ediacaran — etched,1,B,_build/imgcache/f0de4874d6b53912.jpg,,,
SEM — calcite oolite ediacaran — etched,1,C,_build/imgcache/948d912f4c8e847b.jpg,,,
SEM — Other — etched,1,A,_build/imgcache/2fb3cff7a8620a57.jpg,,,
SEM — Other — etched,1,B,_build/imgcache/e3fd40cf320cda67.jpg,,,
SEM — Other — etched,1,C,_build/imgcache/bfd32661c70f1654.jpg,,,
SEM — Other — etched,1,D,_build/imgcache/6810b6a16b205254.jpg,,,
SEM — oolite — unetched,1,A,_build/imgcache/33b0faebc67dbe96.jpg,,,
SEM — oolite — unetched,1,B,_build/imgcache/36be429c680ddb39.jpg,,,
SEM — oolite — unetched,1,C,_build/imgcache/603836a30eef6025.jpg,,,
SEM — oolite — unetched,1,D,_build/imgcache/cef22de23b614b00.jpg,,,
SEM — oolite — unetched,1,E,_build/imgcache/2fadde171e9d6ea8.jpg,,,
SEM — oolite — unetched,1,F,_build/imgcache/b987c8e07b6864dd.jpg,,,
SEM — oolite — unetched,2,A,_build/imgcache/76a89e239fe70859.jpg,,,
SEM — oolite — unetched,2,B,_build/imgcache/0effd6acdcdbf47c.jpg,,,
SEM — oolite — unetched,2,C,_build/imgcache/4d31cb4d1f237097.jpg,,,
SEM — oolite — unetched,2,D,_build/imgcache/197b47e7fa91a480.jpg,,,
SEM — spherulite — unetched,1,A,_build/imgcache/338a9f9ffa11d108.jpg,,,
SEM — pisolite — unetched,1,A,_build/imgcache/0e583ef454c005c2.jpg,,,
SEM — pisolite — unetched,1,B,_build/imgcache/c38480a8e3e4e8ce.jpg,,,
SEM — pisolite — unetched,1,C,_build/imgcache/43ad44cc8c3c8265.jpg,,,
SEM — pisolite — unetched,1,D,_build/imgcache/cfc36b6eea755f8b.jpg,,,
SEM — pisolite — unetched,1,E,_build/imgcache/0ed43b744040ce6f.jpg,,,
SEM — pisolite — unetched,1,F,_build/imgcache/c09591be89706301.jpg,,,
SEM — pisolite — unetched,2,A,_build/imgcache/2b597cfdb790f66b.jpg,,,
SEM — pisolite — unetched,2,B,_build/imgcache/ababaadb2332c5b8.jpg,,,
SEM — pisolite — unetched,2,C,_build/imgcache/b5ae96496097644d.jpg,,,
SEM — calcite oolite ediacaran — unetched,1,A,_build/imgcache/a99aacdc0b0277b9.jpg,,,
SEM — calcite oolite ediacaran — unetched,1,B,_build/imgcache/eefd7bd863833cb4.jpg,,,
SEM — calcite oolite ediacaran — unetched,1,C,_build/imgcache/9c95a42f8f8faaa6.jpg,,,
SEM — calcite oolite ediacaran — unetched,1,D,_build/imgcache/14b373d7f70a1fe6.jpg,,,
SEM — Other — unetched,1,A,_build/imgcache/453924bb52a7ef7b.jpg,,,
SEM — Other — unetched,1,B,_build/imgcache/eec21c1fa3264558.jpg,,,
EPMA — oolite — heatmaps,1,A,_build/imgcache/b9d4370729e90a0b.jpg,,,
EPMA — oolite — heatmaps,1,B,_build/imgcache/39d9b58964cd97e1.jpg,,,
EPMA — oolite — heatmaps,1,C,_build/imgcache/8a700db997e6023d.jpg,,,
EPMA — oolite — heatmaps,1,D,_build/imgcache/b40be744f651f1a8.jpg,,,
EPMA — oolite — heatmaps,1,E,_build/imgcache/96656e418bf01731.jpg,,,
EPMA — oolite — heatmaps,1,F,_build/imgcache/56b26b14cb08abfa.jpg,,,
EPMA — oolite — heatmaps,2,A,_build/imgcache/dd2b12e53b451cdc.jpg,,,
EPMA — oolite — heatmaps,2,B,_build/imgcache/28249b6d535464db.jpg,,,
EPMA — oolite — heatmaps,2,C,_build/imgcache/066ef6ff33cab6f7.jpg,,,
EPMA — oolite — heatmaps,2,D,_build/imgcache/5f8153e6554a9de9.jpg,,,
EPMA — oolite — heatmaps,2,E,_build/imgcache/9d60438f70ad81b3.jpg,,,
EPMA — oolite — heatmaps,2,F,_build/imgcache/5133bb8953a307de.jpg,,,
EPMA — Other — heatmaps,1,A,_build/imgcache/6c0449960209be2f.jpg,,,
EPMA — Other — heatmaps,1,B,_build/imgcache/8d381db3fc716660.jpg,,,
